SMILES,predicted acidic pKa,predicted basic pKa
CC(=O)OC1=CC=CC=C1C(=O)O,4.011770248413086,
Cc1ccccc1NN=C(C#N)C#N,6.688335418701172,-0.9764777421951294
COc1cccc(S(N)(=O)=O)c1,10.072891235351562,0.5403609275817871
